{"Train accuracy": 0.9956767784713283, "Val accuracy": 0.9785311832135224, "Train AUC-ROC": 0.976795933475466, "Val AUC-ROC": 0.8953652777967328, "Train AUC-PR": 0.9784050096129756, "Val AUC-PR": 0.8887670511513538, "_timestamp": 1703823980.799895, "_runtime": 34.203824043273926, "_step": 0, "_wandb": {"runtime": 30}}