{"Train accuracy": 0.9987127486459573, "Val accuracy": 0.9776568875072857, "Train AUC-ROC": 0.9929483767961682, "Val AUC-ROC": 0.8853149636746596, "Train AUC-PR": 0.9935920024731895, "Val AUC-PR": 0.8857829461144079, "_timestamp": 1703823714.474138, "_runtime": 48.048041105270386, "_step": 0, "_wandb": {"runtime": 46}}