{"Train accuracy": 0.9995871080562505, "Val accuracy": 0.9785311832135224, "Train AUC-ROC": 0.9979775303353914, "Val AUC-ROC": 0.8915375831934454, "Train AUC-PR": 0.9979193930973697, "Val AUC-PR": 0.8898151945440711, "_timestamp": 1703824323.0375412, "_runtime": 33.44377422332764, "_step": 0, "_wandb": {"runtime": 30}}