{"Train accuracy": 0.9954824763801521, "Val accuracy": 0.9785311832135224, "Train AUC-ROC": 0.9764496527413531, "Val AUC-ROC": 0.8944083541459109, "Train AUC-PR": 0.9773286298038126, "Val AUC-PR": 0.8890099131893684, "_timestamp": 1703824645.469634, "_runtime": 29.069403171539307, "_step": 0, "_wandb": {"runtime": 25}}