{"Train accuracy": 0.9974254972919147, "Val accuracy": 0.9774625995725665, "Train AUC-ROC": 0.9861361253327304, "Val AUC-ROC": 0.8876003666653018, "Train AUC-PR": 0.9871522931978759, "Val AUC-PR": 0.8837293424332031, "_timestamp": 1703823939.8832278, "_runtime": 23.673011779785156, "_step": 0, "_wandb": {"runtime": 20}}