{"Train accuracy": 0.9777524105603187, "Val accuracy": 0.969011074412279, "Train AUC-ROC": 0.8881802762152309, "Val AUC-ROC": 0.8475437746509629, "Train AUC-PR": 0.8854530410183538, "Val AUC-PR": 0.8372399305137442, "_timestamp": 1703824253.955231, "_runtime": 22.656981945037842, "_step": 0, "_wandb": {"runtime": 19}}