{"Train accuracy": 0.9995871080562505, "Val accuracy": 0.9771711676704876, "Train AUC-ROC": 0.9978578444651943, "Val AUC-ROC": 0.8840907746828072, "Train AUC-PR": 0.9979319274929019, "Val AUC-PR": 0.8828119287617731, "_timestamp": 1703824455.252117, "_runtime": 34.53246283531189, "_step": 0, "_wandb": {"runtime": 31}}