{"Train accuracy": 0.9900420178272169, "Val accuracy": 0.9763940159316107, "Train AUC-ROC": 0.9496387127480085, "Val AUC-ROC": 0.8865339210896237, "Train AUC-PR": 0.9495404416684737, "Val AUC-PR": 0.8768728250861877, "_timestamp": 1703824049.357453, "_runtime": 31.309532165527344, "_step": 0, "_wandb": {"runtime": 27}}