{"Train accuracy": 0.969688873776504, "Val accuracy": 0.9604624052846318, "Train AUC-ROC": 0.8437684723300792, "Val AUC-ROC": 0.8016921876634868, "Train AUC-PR": 0.8436912197056071, "Val AUC-PR": 0.7904477798620702, "_timestamp": 1703824103.3863199, "_runtime": 20.563572883605957, "_step": 0, "_wandb": {"runtime": 17}}