{"Train accuracy": 0.9978626769970612, "Val accuracy": 0.9795997668544784, "Train AUC-ROC": 0.988411330361948, "Val AUC-ROC": 0.8983455706740545, "Train AUC-PR": 0.9893450460295917, "Val AUC-PR": 0.8950471537524376, "_timestamp": 1703824885.8494232, "_runtime": 32.46470022201538, "_step": 0}