{"Train accuracy": 0.9982755689408107, "Val accuracy": 0.9744511365844181, "Train AUC-ROC": 0.9905534858967535, "Val AUC-ROC": 0.8701540813123524, "Train AUC-PR": 0.9914157014263482, "Val AUC-PR": 0.8684273996616769, "_timestamp": 1703824414.728534, "_runtime": 30.042200088500977, "_step": 0, "_wandb": {"runtime": 26}}