{"Train accuracy": 0.9982269934180167, "Val accuracy": 0.9784340392461628, "Train AUC-ROC": 0.9902873869079297, "Val AUC-ROC": 0.8919625919506503, "Train AUC-PR": 0.9911738901989214, "Val AUC-PR": 0.889032285628937, "_timestamp": 1703824761.842475, "_runtime": 109.52331590652466, "_step": 0, "_wandb": {"runtime": 105}}