{"Train accuracy": 0.9923493551599349, "Val accuracy": 0.9712453856615504, "Train AUC-ROC": 0.9596453255728064, "Val AUC-ROC": 0.8535578134738125, "Train AUC-PR": 0.9616127658289176, "Val AUC-PR": 0.8513807189204756, "_timestamp": 1703824200.014987, "_runtime": 22.33255696296692, "_step": 0, "_wandb": {"runtime": 19}}