{"Train accuracy": 0.9959682316080927, "Val accuracy": 0.9761997279968914, "Train AUC-ROC": 0.9786318991488032, "Val AUC-ROC": 0.8802070112228696, "Train AUC-PR": 0.979822693370783, "Val AUC-PR": 0.8773295513817022, "_timestamp": 1703824128.573675, "_runtime": 18.934111833572388, "_step": 0, "_wandb": {"runtime": 15}}