{"Train accuracy": 0.9933937289000073, "Val accuracy": 0.9769768797357684, "Train AUC-ROC": 0.965605825572913, "Val AUC-ROC": 0.8863761776734496, "Train AUC-PR": 0.9667941514736071, "Val AUC-PR": 0.8807961029568916, "_timestamp": 1703824485.683032, "_runtime": 23.727923154830933, "_step": 0, "_wandb": {"runtime": 20}}