{"Train accuracy": 0.9904791975323635, "Val accuracy": 0.9720225374004274, "Train AUC-ROC": 0.9503580014646645, "Val AUC-ROC": 0.8578131326227487, "Train AUC-PR": 0.9520630313968337, "Val AUC-PR": 0.8554384841674995, "_timestamp": 1703824846.957386, "_runtime": 34.060667991638184, "_step": 0, "_wandb": {"runtime": 30}}