{"Train accuracy": 0.9973283462463265, "Val accuracy": 0.9766854478336895, "Train AUC-ROC": 0.9853645556146886, "Val AUC-ROC": 0.8814312002147221, "Train AUC-PR": 0.9867003824915255, "Val AUC-PR": 0.8803085881775898, "_timestamp": 1703823875.323055, "_runtime": 55.56337094306946, "_step": 0, "_wandb": {"runtime": 52}}