{"Train accuracy": 0.9944138148786826, "Val accuracy": 0.9754225762580144, "Train AUC-ROC": 0.9703561032468344, "Val AUC-ROC": 0.8807363103280426, "Train AUC-PR": 0.9720302855840666, "Val AUC-PR": 0.8718762901395629, "_timestamp": 1703824155.844734, "_runtime": 22.464920043945312, "_step": 0, "_wandb": {"runtime": 19}}